{"cameraMode":{"drawMode":0,"name":"Shaded","section":"Shading Mode"},"sceneLighting":false,"audioPlay":false,"sceneViewState":{"showFog":false,"showMaterialUpdate":false,"showSkybox":false,"showFlares":false,"showImageEffects":false,"showParticleSystems":false},"in2DMode":false,"pivot":{"x":0.1975572109222412,"y":-0.5468633770942688,"z":-10.406532287597657},"rotation":{"x":0.08309558779001236,"y":0.6634076237678528,"z":-0.0737534686923027,"w":0.7402259707450867},"size":0.50794517993927,"orthographic":false}