{"cameraMode":{"drawMode":0,"name":"Shaded","section":"Shading Mode"},"sceneLighting":false,"audioPlay":false,"sceneViewState":{"showFog":false,"showMaterialUpdate":false,"showSkybox":false,"showFlares":false,"showImageEffects":false,"showParticleSystems":false},"in2DMode":false,"pivot":{"x":1.758087158203125,"y":1.0310938358306885,"z":-9.102424621582032},"rotation":{"x":0.10588310658931732,"y":0.6759749054908752,"z":-0.09904744476079941,"w":0.7225379943847656},"size":4.48237943649292,"orthographic":false}